pdf_page,printed_page,role,section,text_chars,arabic_chars,format_controls,question_or_visual_markers,embedded_assets,visual_crop_required,answer_provenance,notes
1,,front matter,front matter,6,0,0,,,no (orientation only),,
2,2,front matter,front matter,2574,654,238,,750x143(image)|750x143(image)|750x143(image),no (orientation only),,
3,4,front matter,front matter,802,301,112,,750x143(image),no (orientation only),,PDF 3/4 front matter swap
4,3,front matter,front matter,1223,792,46,,227x96(image)|750x143(image),no (orientation only),,PDF 3/4 front matter swap
5,5,question bank,الوحدة الأولى / تدفق الطاقة (البناء الضوئي والتنفس الخلوي),3598,790,308,,,check page; no embedded visual trigger found,,
6,6,question bank,الوحدة الأولى / تدفق الطاقة (البناء الضوئي والتنفس الخلوي),3013,797,294,,115x89(jpeg)|109x86(jpeg)|130x90(jpeg)|118x104(jpeg),yes,,
7,7,question bank,الوحدة الأولى / تدفق الطاقة (البناء الضوئي والتنفس الخلوي),3627,1057,310,,525x85(jpeg),yes,,
8,8,question bank,الوحدة الأولى / تدفق الطاقة (البناء الضوئي والتنفس الخلوي),3762,1029,288,الشكؿ,167x125(jpeg)|122x124(jpeg),yes,,
9,9,question bank,الوحدة الأولى / تدفق الطاقة (البناء الضوئي والتنفس الخلوي),3762,1123,260,الشكؿ,206x164(jpeg)|137x118(jpeg),yes,,
10,10,question bank,الوحدة الأولى / تدفق الطاقة (البناء الضوئي والتنفس الخلوي),3458,1036,266,,,check page; no embedded visual trigger found,,
11,11,question bank,الوحدة الأولى / تدفق الطاقة (البناء الضوئي والتنفس الخلوي),2624,1037,170,الشكؿ|ادرس,662x359(jpeg),yes,,
12,12,question bank,الوحدة الأولى / تدفق الطاقة (البناء الضوئي والتنفس الخلوي),3694,927,160,الشكؿ|ادرس,436x194(jpeg)|269x251(jpeg)|407x215(jpeg),yes,,
13,13,question bank,الوحدة الأولى / تدفق الطاقة (البناء الضوئي والتنفس الخلوي),3221,873,172,ادرس,259x254(jpeg)|281x262(jpeg),yes,,
14,14,question bank,الوحدة الأولى / تدفق الطاقة (البناء الضوئي والتنفس الخلوي),2731,885,182,الشكؿ|المنحنى|ادرس,578x313(jpeg),yes,,
15,15,question bank,الوحدة الأولى / تدفق الطاقة (البناء الضوئي والتنفس الخلوي),3452,1028,296,,,check page; no embedded visual trigger found,,
16,16,question bank,الوحدة الأولى / تدفق الطاقة (البناء الضوئي والتنفس الخلوي),3913,1239,360,,,check page; no embedded visual trigger found,,
17,17,question bank,الوحدة الأولى / تدفق الطاقة (البناء الضوئي والتنفس الخلوي),4210,1127,372,,,check page; no embedded visual trigger found,,
18,18,question bank,الوحدة الأولى / تدفق الطاقة (البناء الضوئي والتنفس الخلوي),3054,1050,206,الشكؿ,405x318(jpeg),yes,,
19,19,question bank,الوحدة الأولى / تدفق الطاقة (البناء الضوئي والتنفس الخلوي),2913,1090,166,الشكؿ|ادرس|أدرس,1002x306(jpeg)|507x232(jpeg),yes,,
20,20,question bank,الوحدة الأولى / تدفق الطاقة (البناء الضوئي والتنفس الخلوي),3613,923,174,الشكؿ|ادرس,411x198(jpeg)|232x160(jpeg)|260x228(jpeg),yes,,
21,21,question bank,الوحدة الأولى / تدفق الطاقة (البناء الضوئي والتنفس الخلوي),3433,1109,196,الشكؿ,746x73(jpeg)|266x159(jpeg),yes,,
22,22,question bank,الوحدة الأولى / تدفق الطاقة (البناء الضوئي والتنفس الخلوي),3645,1085,202,الشكؿ|ادرس,272x242(jpeg)|277x244(image),yes,,
23,23,question bank,الوحدة الأولى / تدفق الطاقة (البناء الضوئي والتنفس الخلوي),3893,1167,208,الشكؿ|مخطط|ادرس,422x254(jpeg)|527x361(jpeg),yes,,
24,24,question bank,الوحدة الأولى / من الجين إلى البروتين,1862,616,166,ادرس,584x218(jpeg),yes,,
25,25,question bank,الوحدة الأولى / من الجين إلى البروتين,3655,938,350,الشكؿ,204x130(jpeg),yes,,
26,26,question bank,الوحدة الأولى / من الجين إلى البروتين,3551,917,318,الشكؿ,243x171(jpeg),yes,,
27,27,question bank,الوحدة الأولى / من الجين إلى البروتين,3369,875,292,,,check page; no embedded visual trigger found,,
28,28,question bank,الوحدة الأولى / من الجين إلى البروتين,3302,964,244,الشكؿ|ادرس,485x202(jpeg)|574x235(jpeg)|177x148(jpeg)|326x178(jpeg),yes,,
29,29,question bank,الوحدة الأولى / من الجين إلى البروتين,3420,958,224,الشكؿ,373x109(jpeg)|412x83(jpeg)|388x278(image)|352x266(jpeg)|463x168(jpeg),yes,,
30,30,question bank,الوحدة الأولى / من الجين إلى البروتين,3146,938,280,الشكؿ|ادرس,621x207(image)|690x143(jpeg),yes,,
31,31,question bank,الوحدة الأولى / من الجين إلى البروتين,2992,908,264,الشكؿ,456x149(image),yes,,
32,32,question bank,الوحدة الثانية / قانون مندل في الوراثة,3051,738,244,,,check page; no embedded visual trigger found,,
33,33,question bank,الوحدة الثانية / قانون مندل في الوراثة,3336,1077,266,,,check page; no embedded visual trigger found,,
34,34,question bank,الوحدة الثانية / قانون مندل في الوراثة,3625,1120,324,,,check page; no embedded visual trigger found,,
35,35,question bank,الوحدة الثانية / قانون مندل في الوراثة,3401,1332,234,,,check page; no embedded visual trigger found,,
36,36,question bank,الوحدة الثانية / قانون مندل في الوراثة,3283,1531,214,,,check page; no embedded visual trigger found,,
37,37,question bank,الوحدة الثانية / قانون مندل في الوراثة,2231,931,148,,,check page; no embedded visual trigger found,,
38,38,question bank,الوحدة الثانية / الصفات غير المندلية,3341,1264,300,,,check page; no embedded visual trigger found,,
39,39,question bank,الوحدة الثانية / الصفات غير المندلية,3097,853,326,الشكؿ|شكؿ/شكل (standalone),554x107(image)|677x104(image)|677x128(image),yes,,
40,40,question bank,الوحدة الثانية / الصفات غير المندلية,3501,1164,284,,,check page; no embedded visual trigger found,,
41,41,question bank,الوحدة الثانية / الصفات غير المندلية,3629,1231,336,مخطط|المخطط,,yes,,
42,42,question bank,الوحدة الثانية / الصفات غير المندلية,2943,869,262,,563x109(image)|522x133(jpeg),yes,,
43,43,question bank,الوحدة الثانية / الصفات غير المندلية,3739,1053,300,الشكؿ,357x95(image)|341x72(image),yes,,
44,44,question bank,الوحدة الثانية / الصفات غير المندلية,3598,1141,262,,,check page; no embedded visual trigger found,,
45,45,question bank,الوحدة الثانية / الصفات غير المندلية,3407,1807,216,مخطط,,yes,,
46,46,question bank,الوحدة الثانية / الصفات غير المندلية,3402,1792,228,,,check page; no embedded visual trigger found,,
47,47,question bank,الوحدة الثانية / الصفات غير المندلية,3391,1506,222,,,check page; no embedded visual trigger found,,
48,48,question bank,الوحدة الثانية / الصفات غير المندلية,3300,1555,208,,,check page; no embedded visual trigger found,,
49,49,question bank,الوحدة الثانية / الصفات غير المندلية,2661,1227,166,الشكؿ|شكؿ/شكل (standalone),458x158(image),yes,,
50,50,question bank,الوحدة الثانية / الصفات غير المندلية,3205,1407,204,,,check page; no embedded visual trigger found,,
51,51,question bank,الوحدة الثانية / الصفات غير المندلية,3427,1219,250,,,check page; no embedded visual trigger found,,
52,52,question bank,الوحدة الثانية / الصفات غير المندلية,3376,1462,256,,,check page; no embedded visual trigger found,,
53,53,question bank,الوحدة الثانية / الصفات غير المندلية,3526,1521,222,شكؿ/شكل (standalone),,yes,,
54,54,question bank,الوحدة الثانية / الصفات غير المندلية,3047,968,218,ادرس,739x403(image),yes,,
55,55,question bank,الوحدة الثانية / الصفات غير المندلية,3343,1305,270,,,check page; no embedded visual trigger found,,
56,56,question bank,الوحدة الثانية / الصفات غير المندلية,2856,1294,168,الخريطة,477x94(image)|288x128(image)|322x74(image),yes,,
57,57,question bank,الوحدة الثانية / الصفات غير المندلية,3031,1340,172,,,check page; no embedded visual trigger found,,
58,58,question bank,الوحدة الثانية / الصفات غير المندلية,3401,1103,298,الشكؿ|المرفق|الخريطة|ادرس,341x72(image),yes,,
59,59,question bank,الوحدة الثانية / الصفات غير المندلية,3087,1296,202,مخطط|ادرس,358x195(jpeg),yes,,
60,60,question bank,الوحدة الثانية / تطبيقات في علم الوراثة,2803,1095,238,,,check page; no embedded visual trigger found,,
61,61,question bank,الوحدة الثانية / تطبيقات في علم الوراثة,3169,943,312,الشكؿ|ادرس,,yes,,
62,62,question bank,الوحدة الثالثة / الجهاز الهيكلي,3387,887,312,,,check page; no embedded visual trigger found,,
63,63,question bank,الوحدة الثالثة / الجهاز الهيكلي,3088,771,260,الشكؿ,377x209(image)|341x218(jpeg)|385x245(image)|353x245(jpeg)|219x157(image)|178x198(jpeg),yes,,
64,64,question bank,الوحدة الثالثة / الجهاز الهيكلي,3191,1094,186,الشكؿ|شكؿ/شكل (standalone),285x397(image)|220x336(jpeg)|290x526(image)|199x458(jpeg),yes,,
65,65,question bank,الوحدة الثالثة / الجهاز الهيكلي,2617,1000,136,الشكؿ|مخطط|ادرس|أدرس|شكؿ/شكل (standalone),353x345(image)|318x341(jpeg)|385x341(image)|361x366(jpeg)|327x350(image)|280x366(jpeg),yes,,
66,66,question bank,الوحدة الثالثة / الجهاز الهيكلي,3722,1132,270,شكؿ/شكل (standalone),,yes,,
67,67,question bank,الوحدة الثالثة / الجهاز الهيكلي,3436,1128,258,,,check page; no embedded visual trigger found,,
68,68,question bank,الوحدة الثالثة / الجهاز الهيكلي,3390,1249,228,,,check page; no embedded visual trigger found,,
69,69,question bank,الوحدة الثالثة / جهاز الدوران,3983,1297,268,مخطط|المخطط,340x227(image)|290x292(jpeg),yes,,
70,70,question bank,الوحدة الثالثة / جهاز الدوران,3192,1266,256,,,check page; no embedded visual trigger found,,
71,71,question bank,الوحدة الثالثة / جهاز الدوران,3531,1207,220,الشكؿ|ادرس|شكؿ/شكل (standalone),312x295(jpeg),yes,,
72,72,question bank,الوحدة الثالثة / جهاز الدوران,3277,1267,184,الشكؿ|ادرس,346x312(image)|314x315(jpeg)|300x220(image)|264x231(jpeg)|340x268(jpeg),yes,,
73,73,question bank,الوحدة الثالثة / جهاز الدوران,2996,1014,182,,,check page; no embedded visual trigger found,,
74,74,question bank,الوحدة الثالثة / الجهاز المناعي,3103,1252,262,,,check page; no embedded visual trigger found,,
75,75,question bank,الوحدة الثالثة / الجهاز المناعي,4000,1430,286,,,check page; no embedded visual trigger found,,
76,76,question bank,الوحدة الثالثة / الجهاز المناعي,3371,1220,216,,,check page; no embedded visual trigger found,,
77,77,question bank,الوحدة الثالثة / الجهاز المناعي,2795,902,216,الشكؿ,297x216(image)|287x217(jpeg),yes,,
78,78,question bank,الوحدة الثالثة / الجهاز المناعي,3655,1268,186,ادرس,362x503(image)|374x514(jpeg),yes,,
79,79,question bank,الوحدة الرابعة / البكتيريا,3087,1105,272,شكؿ/شكل (standalone),,yes,,
80,80,question bank,الوحدة الرابعة / البكتيريا,4032,1267,270,الشكؿ,,yes,,
81,81,question bank,الوحدة الرابعة / البكتيريا,3312,976,224,الشكؿ|شكؿ/شكل (standalone),433x289(jpeg)|515x360(jpeg),yes,,
82,82,question bank,الوحدة الرابعة / البكتيريا,3708,1400,268,الشكؿ,291x294(jpeg),yes,,
83,83,question bank,الوحدة الرابعة / الفيروسات,3587,1131,262,الشكؿ|شكؿ/شكل (standalone),73x95(jpeg),yes,,
84,84,question bank,الوحدة الرابعة / الفيروسات,3711,1254,328,شكؿ/شكل (standalone),,yes,,
85,85,question bank,الوحدة الرابعة / الفيروسات,860,284,76,الشكؿ,,yes,,
86,86,answer key,إجابات الوحدة الأولى,3198,521,380,,,check page; no embedded visual trigger found,Ministry classification booklet model-answer section,
87,87,answer key,إجابات الوحدة الأولى,3576,999,254,,180x184(jpeg),yes,Ministry classification booklet model-answer section,
88,88,answer key,إجابات الوحدة الأولى,3486,1061,288,,180x184(jpeg),yes,Ministry classification booklet model-answer section,
89,89,answer key,إجابات الوحدة الأولى,3838,1219,234,,277x262(jpeg),yes,Ministry classification booklet model-answer section,
90,90,answer key,إجابات الوحدة الأولى,3470,867,374,,361x78(image),yes,Ministry classification booklet model-answer section,
91,91,answer key,إجابات الوحدة الأولى,3108,840,252,,290x69(jpeg),yes,Ministry classification booklet model-answer section,
92,92,answer key,إجابات الوحدة الأولى,3185,1045,226,,290x69(jpeg)|371x55(jpeg)|361x78(image),yes,Ministry classification booklet model-answer section,
93,93,answer key,إجابات الوحدة الأولى,3109,753,250,,,check page; no embedded visual trigger found,Ministry classification booklet model-answer section,
94,94,answer key,إجابات الوحدة الأولى,3046,867,190,,453x70(jpeg),yes,Ministry classification booklet model-answer section,
95,95,answer key,إجابات الوحدة الأولى,3264,826,220,,,check page; no embedded visual trigger found,Ministry classification booklet model-answer section,
96,96,answer key,إجابات الوحدة الأولى,2498,800,152,,484x167(jpeg)|533x96(image)|324x271(jpeg),yes,Ministry classification booklet model-answer section,
97,97,answer key,إجابات الوحدة الأولى,3572,534,424,,,check page; no embedded visual trigger found,Ministry classification booklet model-answer section,
98,98,answer key,إجابات الوحدة الأولى,3164,1093,250,,,check page; no embedded visual trigger found,Ministry classification booklet model-answer section,
99,99,answer key,إجابات الوحدة الأولى,3973,1111,306,شكؿ/شكل (standalone),,yes,Ministry classification booklet model-answer section,
100,100,answer key,إجابات الوحدة الأولى,2826,829,224,,566x421(image)|1030x454(image)|458x470(jpeg)|522x487(jpeg),yes,Ministry classification booklet model-answer section,
101,101,answer key,إجابات الوحدة الثانية,2999,480,376,,,check page; no embedded visual trigger found,Ministry classification booklet model-answer section,
102,102,answer key,إجابات الوحدة الثانية,2884,498,304,,,check page; no embedded visual trigger found,Ministry classification booklet model-answer section,
103,103,answer key,إجابات الوحدة الثانية,3174,806,278,,,check page; no embedded visual trigger found,Ministry classification booklet model-answer section,
104,104,answer key,إجابات الوحدة الثانية,3485,513,578,مخطط,,yes,Ministry classification booklet model-answer section,
105,105,answer key,إجابات الوحدة الثانية,2715,628,248,,295x84(image)|314x75(image),yes,Ministry classification booklet model-answer section,
106,106,answer key,إجابات الوحدة الثانية,3617,434,368,,,check page; no embedded visual trigger found,Ministry classification booklet model-answer section,
107,107,answer key,إجابات الوحدة الثانية,2819,351,264,,325x77(image),yes,Ministry classification booklet model-answer section,
108,108,answer key,إجابات الوحدة الثانية,3650,695,340,,,check page; no embedded visual trigger found,Ministry classification booklet model-answer section,
109,109,answer key,إجابات الوحدة الثانية,3829,628,394,,,check page; no embedded visual trigger found,Ministry classification booklet model-answer section,
110,110,answer key,إجابات الوحدة الثانية,3516,895,258,شكؿ/شكل (standalone),,yes,Ministry classification booklet model-answer section,
111,111,answer key,إجابات الوحدة الثانية,3511,836,200,شكؿ/شكل (standalone),319x73(image),yes,Ministry classification booklet model-answer section,
112,112,answer key,إجابات الوحدة الثانية,2497,436,126,,262x98(image)|559x248(jpeg)|559x248(jpeg)|546x156(jpeg)|260x153(image),yes,Ministry classification booklet model-answer section,
113,113,answer key,إجابات الوحدة الثانية,3965,1166,216,,,check page; no embedded visual trigger found,Ministry classification booklet model-answer section,
114,114,answer key,إجابات الوحدة الثانية,2131,687,162,,380x464(image),yes,Ministry classification booklet model-answer section,
115,115,answer key,إجابات الوحدة الثانية,2211,671,136,,481x243(image),yes,Ministry classification booklet model-answer section,
116,116,answer key,إجابات الوحدة الثانية,4302,1783,284,,,check page; no embedded visual trigger found,Ministry classification booklet model-answer section,
117,117,answer key,إجابات الوحدة الثالثة,4068,1040,332,,,check page; no embedded visual trigger found,Ministry classification booklet model-answer section,
118,118,answer key,إجابات الوحدة الثالثة,3109,861,256,الشكؿ,541x130(image),yes,Ministry classification booklet model-answer section,
119,119,answer key,إجابات الوحدة الثالثة,3378,1028,222,الشكؿ,,yes,Ministry classification booklet model-answer section,
120,120,answer key,إجابات الوحدة الثالثة,3769,1121,260,,,check page; no embedded visual trigger found,Ministry classification booklet model-answer section,
121,121,answer key,إجابات الوحدة الثالثة,2164,869,158,,,check page; no embedded visual trigger found,Ministry classification booklet model-answer section,
122,122,answer key,إجابات الوحدة الثالثة,3628,1056,322,,,check page; no embedded visual trigger found,Ministry classification booklet model-answer section,
123,123,answer key,إجابات الوحدة الثالثة,3761,1350,322,,,check page; no embedded visual trigger found,Ministry classification booklet model-answer section,
124,124,answer key,إجابات الوحدة الثالثة,3780,1593,218,,,check page; no embedded visual trigger found,Ministry classification booklet model-answer section,
125,125,answer key,إجابات الوحدة الثالثة,3595,1267,170,شكؿ/شكل (standalone),,yes,Ministry classification booklet model-answer section,
126,126,answer key,إجابات الوحدة الثالثة,3719,1357,284,,,check page; no embedded visual trigger found,Ministry classification booklet model-answer section,
127,127,answer key,إجابات الوحدة الثالثة,3446,1645,222,,,check page; no embedded visual trigger found,Ministry classification booklet model-answer section,
128,128,answer key,إجابات الوحدة الثالثة,3531,1673,228,,,check page; no embedded visual trigger found,Ministry classification booklet model-answer section,
129,129,answer key,إجابات الوحدة الثالثة,3352,1326,204,,,check page; no embedded visual trigger found,Ministry classification booklet model-answer section,
130,130,answer key,إجابات الوحدة الثالثة,1974,722,136,,,check page; no embedded visual trigger found,Ministry classification booklet model-answer section,
131,131,answer key,إجابات الوحدة الرابعة,3923,1407,246,شكؿ/شكل (standalone),,yes,Ministry classification booklet model-answer section,
132,132,answer key,إجابات الوحدة الرابعة,4379,1611,258,شكؿ/شكل (standalone),,yes,Ministry classification booklet model-answer section,
133,133,answer key,إجابات الوحدة الرابعة,3302,988,222,,420x332(jpeg)|470x330(jpeg),yes,Ministry classification booklet model-answer section,
134,134,answer key,إجابات الوحدة الرابعة,3118,1099,224,,485x280(jpeg),yes,Ministry classification booklet model-answer section,
135,135,answer key,إجابات الوحدة الرابعة,3634,1425,254,الشكؿ,,yes,Ministry classification booklet model-answer section,
136,136,answer key,إجابات الوحدة الرابعة,2564,1067,152,الشكؿ|شكؿ/شكل (standalone),,yes,Ministry classification booklet model-answer section,
